url,source,discovered_at
https://www.rust-lang.org/learn,manual,bootstrap
https://docs.python.org/3/,manual,bootstrap
https://developer.mozilla.org/en-US/,manual,bootstrap
https://www.freecodecamp.org/news/,manual,bootstrap
https://www.geeksforgeeks.org/,manual,bootstrap
https://stackoverflow.com/,manual,bootstrap
https://github.com/trending,manual,bootstrap
https://www.kaggle.com/learn,manual,bootstrap
https://www.kaggle.com/datasets,manual,bootstrap
https://www.cisa.gov/news-events,manual,bootstrap
https://www.cisa.gov/known-exploited-vulnerabilities,manual,bootstrap
https://www.us-cert.gov/ncas,manual,bootstrap
https://threatpost.com/,manual,bootstrap
https://www.malwarebytes.com/blog/,manual,bootstrap
https://www.crowdstrike.com/blog/,manual,bootstrap
https://blog.cloudflare.com/security,manual,bootstrap
https://www.fireeye.com/blog.html,manual,bootstrap
https://www.darkreading.com/vulnerabilities-threats,manual,bootstrap
https://blog.talosintelligence.com/,manual,bootstrap
https://www.microsoft.com/security/blog/,manual,bootstrap
https://www.sans.org/blog/,manual,bootstrap
https://archive.org/details/texts,manual,bootstrap
https://www.gutenberg.org/,manual,bootstrap
https://www.data.gov/,manual,bootstrap
